{"cameraMode":{"drawMode":0,"name":"Shaded","section":"Shading Mode"},"sceneLighting":true,"audioPlay":false,"sceneViewState":{"showFog":true,"showMaterialUpdate":true,"showSkybox":true,"showFlares":true,"showImageEffects":true,"showParticleSystems":true},"in2DMode":false,"pivot":{"x":-0.8279030323028565,"y":2.9026923179626467,"z":-6.837215423583984},"rotation":{"x":0.13781696557998658,"y":-0.02822919562458992,"z":0.003924192860722542,"w":0.9900630712509155},"size":29.461326599121095,"orthographic":true}