{"cameraMode":{"drawMode":0,"name":"Shaded","section":"Shading Mode"},"sceneLighting":false,"audioPlay":false,"sceneViewState":{"showFog":true,"showMaterialUpdate":false,"showSkybox":false,"showFlares":true,"showImageEffects":true,"showParticleSystems":true},"in2DMode":false,"pivot":{"x":0.022692061960697175,"y":-0.04862431436777115,"z":0.11336684972047806},"rotation":{"x":-0.18880786001682282,"y":0.7559397220611572,"z":-0.2478320449590683,"w":-0.575873851776123},"size":0.26498502492904665,"orthographic":false}